{
  "files": {
    "valid_subsetA": {
      "path": "valid_data_4s_clf_subsetA.npy",
      "shape": [
        336,
        102400,
        9
      ],
      "dtype": "float64",
      "samples": 336,
      "duration_per_sample_s": 4.0,
      "disk_size_GB": 2.477
    },
    "valid_subsetB": {
      "path": "valid_data_4s_clf_subsetB.npy",
      "shape": [
        336,
        102400,
        9
      ],
      "dtype": "float64",
      "samples": 336,
      "duration_per_sample_s": 4.0,
      "disk_size_GB": 2.477
    },
    "valid_subsetC": {
      "path": "valid_data_4s_clf_subsetC.npy",
      "shape": [
        333,
        102400,
        9
      ],
      "dtype": "float64",
      "samples": 333,
      "duration_per_sample_s": 4.0,
      "disk_size_GB": 2.455
    },
    "valid_subsetE": {
      "path": "valid_data_4s_clf_subsetE.npy",
      "shape": [
        100,
        102400,
        9
      ],
      "dtype": "float64",
      "samples": 100,
      "duration_per_sample_s": 4.0,
      "disk_size_GB": 0.737
    },
    "train_subsetB": {
      "path": "train_data_4s_clf_subsetB.npy",
      "shape": [
        2690,
        102400,
        9
      ],
      "dtype": "float64",
      "samples": 2690,
      "duration_per_sample_s": 4.0,
      "disk_size_GB": 19.833
    },
    "train_subsetC": {
      "path": "train_data_4s_clf_subsetC.npy",
      "shape": [
        2667,
        102400,
        9
      ],
      "dtype": "float64",
      "samples": 2667,
      "duration_per_sample_s": 4.0,
      "disk_size_GB": 19.663
    }
  },
  "stats": {
    "valid_subsetA": {
      "Vib1 (acc)": {
        "min": -5.85521582283,
        "max": 8.31027324339,
        "mean": 0.0006828609847903849,
        "std": 0.5647702848682719,
        "p01": -1.5996254651733999,
        "p99": 1.5149670313200003
      },
      "Vib2 (acc)": {
        "min": -10.910150641200001,
        "max": 11.0074241223,
        "mean": -0.02415777306426941,
        "std": 0.8623919552764839,
        "p01": -2.7792860434090003,
        "p99": 2.765053863280988
      },
      "Vib3 (acc)": {
        "min": -12.30500756846,
        "max": 12.972256734740002,
        "mean": 0.002680864674426882,
        "std": 0.858692009904304,
        "p01": -2.7080890367166,
        "p99": 2.723588163552199
      },
      "Vib4 (acc)": {
        "min": -15.269647956569997,
        "max": 20.66686921089,
        "mean": 0.04060492043355605,
        "std": 0.981085705752556,
        "p01": -2.949204237,
        "p99": 3.065919673910049
      },
      "Temp1 (degC)": {
        "min": 28.73651710562822,
        "max": 35.94477647209156,
        "mean": 32.82982275133247,
        "std": 1.5986603218630397,
        "p01": 28.76187524778672,
        "p99": 35.92025638752077
      },
      "Temp2 (degC)": {
        "min": 30.40408875830677,
        "max": 36.502910098360665,
        "mean": 34.252586879236645,
        "std": 1.7193856779224452,
        "p01": 30.47249158537488,
        "p99": 36.49451107696293
      },
      "Torque/Current": {
        "min": -8.846802787000001,
        "max": 2.305446846,
        "mean": -3.046641954134785,
        "std": 2.405296593328556,
        "p01": -8.099472299000002,
        "p99": 1.0868900520000002
      },
      "RPM rotor": {
        "min": 636.3947811385315,
        "max": 1456.173544821507,
        "mean": 991.8519139581757,
        "std": 235.33324098325804,
        "p01": 642.8617806457032,
        "p99": 1396.614559753339
      },
      "RPM motor": {
        "min": 1317.4397403062785,
        "max": 2901.5910874728156,
        "mean": 2040.9884272078652,
        "std": 481.3675241287734,
        "p01": 1330.7814859018117,
        "p99": 2710.3245749194693
      }
    },
    "valid_subsetB": {
      "Vib1 (acc)": {
        "min": -11.378739249570003,
        "max": 9.082998626230001,
        "mean": 0.0004807144384750605,
        "std": 0.8056215878253654,
        "p01": -2.3734795034517,
        "p99": 2.503686583605288
      },
      "Vib2 (acc)": {
        "min": -16.318305648000003,
        "max": 14.9468057568,
        "mean": -0.0019731900072596986,
        "std": 0.9839061796923599,
        "p01": -2.9778533779070004,
        "p99": 3.0164292459809876
      },
      "Vib3 (acc)": {
        "min": -15.366166652299999,
        "max": 17.31611986822,
        "mean": 0.0030257159502292456,
        "std": 1.0487838796028042,
        "p01": -3.2399403797318,
        "p99": 3.2506550098321987
      },
      "Vib4 (acc)": {
        "min": -21.21142930032,
        "max": 27.30560354718,
        "mean": 0.03362743386867902,
        "std": 1.3506458882360006,
        "p01": -4.1106480497019,
        "p99": 4.197822860311424
      },
      "Temp1 (degC)": {
        "min": 29.68078657713539,
        "max": 39.246142789183345,
        "mean": 34.860504027909315,
        "std": 2.556663846111238,
        "p01": 29.72878738185284,
        "p99": 39.237285788242275
      },
      "Temp2 (degC)": {
        "min": 31.41617917170073,
        "max": 39.47066590797363,
        "mean": 36.4236740248637,
        "std": 2.3004816983811573,
        "p01": 31.43783827606706,
        "p99": 39.44995256834358
      },
      "Torque/Current": {
        "min": -4.913752915000001,
        "max": 3.9891722330000006,
        "mean": -0.6518665996887476,
        "std": 1.9846308903124292,
        "p01": -3.8061479170000005,
        "p99": 2.410022102
      },
      "RPM rotor": {
        "min": 951.7303012051921,
        "max": 1783.1176206791715,
        "mean": 1276.9289059350333,
        "std": 195.36969113193015,
        "p01": 955.7932861256409,
        "p99": 1635.3309991708873
      },
      "RPM motor": {
        "min": 1949.5628592678806,
        "max": 3341.7322203137214,
        "mean": 2622.4688674022846,
        "std": 397.9260741541754,
        "p01": 1959.354497192082,
        "p99": 3326.9714246424337
      }
    },
    "valid_subsetC": {
      "Vib1 (acc)": {
        "min": -7.34063107571,
        "max": 6.398471623890001,
        "mean": 0.00035283399074526343,
        "std": 0.6452166558627153,
        "p01": -1.9974768427385,
        "p99": 2.0570256019933972
      },
      "Vib2 (acc)": {
        "min": -10.844895414800002,
        "max": 10.788237087999999,
        "mean": 0.0003871710597195986,
        "std": 0.7211564966376768,
        "p01": -2.17798859948,
        "p99": 2.2099141205
      },
      "Vib3 (acc)": {
        "min": -14.44844573312,
        "max": 14.437070523360001,
        "mean": 0.002969341364687553,
        "std": 0.9877889292924255,
        "p01": -3.1169798033308,
        "p99": 3.1387893267809934
      },
      "Vib4 (acc)": {
        "min": -18.525331456169997,
        "max": 25.03426114623,
        "mean": 0.03853125050237276,
        "std": 1.2216486063240781,
        "p01": -3.757917436686,
        "p99": 3.8265583525259723
      },
      "Temp1 (degC)": {
        "min": 31.909499226239966,
        "max": 39.48235830750199,
        "mean": 35.00597065391175,
        "std": 1.855352375992211,
        "p01": 31.921534941666504,
        "p99": 39.45436399823442
      },
      "Temp2 (degC)": {
        "min": 32.545686678069586,
        "max": 39.17294611928859,
        "mean": 36.620516474711174,
        "std": 1.8832503762481358,
        "p01": 32.56007538267819,
        "p99": 39.15541322073733
      },
      "Torque/Current": {
        "min": -1.029164747,
        "max": 0.7151377700000001,
        "mean": -0.46672415008564794,
        "std": 0.16774189507001344,
        "p01": -0.8158694840000001,
        "p99": -0.019758465000000003
      },
      "RPM rotor": {
        "min": 896.3183722858358,
        "max": 1669.8881592405348,
        "mean": 1230.8695763825856,
        "std": 194.47793282822536,
        "p01": 896.8483850899554,
        "p99": 1552.7640186458689
      },
      "RPM motor": {
        "min": 1856.0813112100816,
        "max": 3115.632008549294,
        "mean": 2526.0750653829014,
        "std": 390.7197382849791,